id,first_name,last_name,father_first_name,father_last_name,mother_first_name,mother_last_name,street_address,city,state,phone_number
1,Paddy,Johnson,Ritchie,Johnson,Kath,Johnson,3926 Oxford Pass,Austin,Texas,512-276-2771
2,Filia,Javenson,Richart,Javenson,Correy,Javenson,7 Myrtle Parkway,Austin,Texas,512-502-8284
3,Rycca,Olson,Horace,Olson,Katrina,Olson,25 Esch Drive,South Bend,Indiana,574-101-3066
4,Neil,Swanson,Nickie,Swanson,Tiena,Swanson,4 Menomonie Plaza,Louisville,Kentucky,502-399-8509
5,Artus,Stevenson,Pattie,Stevenson,Myrtle,Stevenson,90 Park Meadow Alley,Detroit,Michigan,313-790-4897
6,Julia,McAuley,Kinny,McAuley,Jeri,McAuley,348 5th Hill,Rochester,New York,585-686-1404
7,Horton,McAllister,Aloin,McAllister,Ursa,McAllister,47 Talmadge Alley,San Antonio,Texas,210-561-6402
8,Mira,McAfee,Codie,McAfee,Blanch,McAfee,99 Anthes Trail,Huntington,West Virginia,304-884-9518
9,Nicol,McIlroy,Benedetto,McIlroy,Juliet,McIlroy,49 Harbort Trail,Dallas,Texas,214-124-5478
10,Nicolle,Rhodes,Colver,Rhodes,Cherry,Rhodes,3421 Meadow Valley Hill,Rockville,Maryland,240-373-4459
11,Demetrius,Johnson,Penn,Johnson,Adele,Johnson,23 Cambridge Pass,New Orleans,Louisiana,985-206-2434
12,Cami,Javenson,Dunn,Javenson,Lelah,Javenson,92593 Mockingbird Lane,El Paso,Texas,915-851-3806
13,Agatha,Olson,Lambert,Olson,Hephzibah,Olson,2 Longview Terrace,Pompano Beach,Florida,754-375-3277
14,Carmencita,Swanson,Derrick,Swanson,Gerry,Swanson,39586 Weeping Birch Center,Wilmington,Delaware,302-702-8920
15,Geordie,Stevenson,Alwin,Stevenson,Ansley,Stevenson,9843 Hollow Ridge Court,Tucson,Arizona,520-888-5261
16,Bellina,McAuley,Yves,McAuley,Geneva,McAuley,4870 Springs Junction,Fort Lauderdale,Florida,754-358-8149
17,Marleah,McAllister,Winslow,McAllister,Jeanelle,McAllister,4559 Burning Wood Trail,Topeka,Kansas,785-481-5093
18,Bobbe,McAfee,Reamonn,McAfee,Nona,McAfee,466 Village Circle,El Paso,Texas,915-525-4013
19,Page,McIlroy,Reynard,McIlroy,Bonnie,McIlroy,867 Packers Trail,Orange,California,858-623-3573
20,Celestia,Rhodes,Daren,Rhodes,Delphinia,Rhodes,9 Mccormick Parkway,Sacramento,California,916-526-2197
21,Nessie,Johnson,Meade,Johnson,Catha,Johnson,48 Carpenter Road,Kissimmee,Florida,407-565-8767
22,Sher,Javenson,Burtie,Javenson,Marja,Javenson,441 Merry Trail,Lynchburg,Virginia,434-381-4432
23,Heall,Olson,Maxwell,Olson,Crissie,Olson,7038 Bartillon Road,Stockton,California,209-989-2511
24,Marnia,Swanson,Barton,Swanson,Amalia,Swanson,916 2nd Avenue,San Diego,California,619-901-7485
25,Mack,Stevenson,Hillie,Stevenson,Merridie,Stevenson,259 Johnson Way,Washington,District of Columbia,202-773-5835
26,Vivia,McAuley,Son,McAuley,Jasmine,McAuley,528 Ramsey Trail,Tampa,Florida,813-725-2970
27,Armand,McAllister,Roderic,McAllister,Kaela,McAllister,753 Merchant Pass,Lexington,Kentucky,859-260-9467
28,Imogene,McAfee,Fonz,McAfee,Alisun,McAfee,4 Maryland Lane,Omaha,Nebraska,402-616-7462
29,Merill,McIlroy,Leighton,McIlroy,Nonna,McIlroy,95301 Mayfield Junction,Tampa,Florida,813-490-1058
30,Lucas,Rhodes,Drew,Rhodes,Salome,Rhodes,69 Pleasure Point,Decatur,Georgia,404-324-2470
31,Nissie,Johnson,Ulick,Johnson,Ronica,Johnson,3 Vera Circle,Sandy,Utah,801-819-8781
32,Nolly,Javenson,Stacee,Javenson,Costanza,Javenson,466 Scofield Alley,Charlotte,North Carolina,704-504-4919
33,Magdalene,Olson,Jase,Olson,Debee,Olson,385 Summit Point,Tyler,Texas,903-919-0062
34,Allin,Swanson,Salim,Swanson,Tiffani,Swanson,42158 Hoepker Plaza,Austin,Texas,512-549-8007
35,Brit,Stevenson,Chucho,Stevenson,Jacky,Stevenson,5370 Rigney Point,Apache Junction,Arizona,480-706-1750
36,Rosa,McAuley,Hendrik,McAuley,Belita,McAuley,5 Brickson Park Crossing,Philadelphia,Pennsylvania,215-551-4722
37,Artemus,McAllister,Rutherford,McAllister,Lenna,McAllister,15120 Eliot Center,San Antonio,Texas,210-494-8379
38,Christan,McAfee,Emery,McAfee,Wanids,McAfee,5 Anhalt Place,Harrisburg,Pennsylvania,717-729-6496
39,Randolf,McIlroy,Benedicto,McIlroy,Cassandra,McIlroy,0739 Browning Hill,Chattanooga,Tennessee,423-306-3088
40,Nefen,Rhodes,Calv,Rhodes,Trenna,Rhodes,625 Grover Circle,Fort Myers,Florida,239-214-3270
41,Wood,Johnson,Giordano,Johnson,Carilyn,Johnson,722 Union Court,Mesa,Arizona,480-182-6075
42,Eugine,Javenson,Nikos,Javenson,Elka,Javenson,567 Troy Park,Washington,District of Columbia,202-880-0707
43,Trev,Olson,Guthrey,Olson,Cele,Olson,60 Nancy Place,Milwaukee,Wisconsin,414-716-4062
44,Sinclare,Swanson,Gherardo,Swanson,Carina,Swanson,654 West Junction,Reading,Pennsylvania,610-889-0443
45,Marian,Stevenson,Cob,Stevenson,Johnette,Stevenson,62 Columbus Center,Spartanburg,South Carolina,864-452-1413
46,Rob,McAuley,Rafferty,McAuley,Mercie,McAuley,127 Kingsford Pass,Portsmouth,New Hampshire,603-266-5943
47,Inessa,McAllister,Gerrie,McAllister,Bunni,McAllister,7 Clove Trail,Durham,North Carolina,919-771-7705
48,Raven,McAfee,Brad,McAfee,Adela,McAfee,107 Haas Avenue,Prescott,Arizona,928-268-7343
49,Dahlia,McIlroy,Alexandre,McIlroy,Tommie,McIlroy,53179 Canary Avenue,Fort Lauderdale,Florida,754-548-9300
50,Sheela,Rhodes,Jdavie,Rhodes,Stevana,Rhodes,2206 Dwight Drive,Cumming,Georgia,706-178-3854
51,Alverta,Johnson,Che,Johnson,Georgeta,Johnson,9 Sycamore Center,Schenectady,New York,518-691-5036
52,Lemmie,Javenson,Murdock,Javenson,Agnese,Javenson,55610 Norway Maple Avenue,North Las Vegas,Nevada,702-627-2010
53,Joline,Olson,Erik,Olson,Dido,Olson,29 Hovde Center,Fargo,North Dakota,701-378-2051
54,Bettye,Swanson,Art,Swanson,Vittoria,Swanson,2 Columbus Avenue,Miami,Florida,786-876-5542
55,Henry,Stevenson,Jaime,Stevenson,Daffy,Stevenson,911 Milwaukee Center,Minneapolis,Minnesota,612-947-0240
56,Ermentrude,McAuley,Trumann,McAuley,Lettie,McAuley,54696 Forster Drive,Denver,Colorado,303-251-1232
57,Zeb,McAllister,Herbie,McAllister,Virginie,McAllister,98 Arkansas Park,Sacramento,California,916-923-8920
58,Sean,McAfee,Brooke,McAfee,Lauryn,McAfee,28057 Dunning Center,Sparks,Nevada,775-115-2724
59,Garik,McIlroy,Lawton,McIlroy,Joannes,McIlroy,10791 Sommers Street,Kansas City,Missouri,816-469-7656
60,Nike,Rhodes,Benedetto,Rhodes,Melisandra,Rhodes,00 Ohio Crossing,Chicago,Illinois,773-582-2688
61,Maureene,Johnson,Eustace,Johnson,Lelia,Johnson,20183 Almo Alley,Memphis,Tennessee,901-267-8163
62,Alfie,Javenson,Griswold,Javenson,Aggie,Javenson,059 Bowman Junction,Fort Wayne,Indiana,260-666-2032
63,Kaye,Olson,Patty,Olson,Sidoney,Olson,730 Fairfield Park,El Paso,Texas,915-690-7877
64,Peri,Swanson,Milty,Swanson,Lulita,Swanson,4740 Melvin Center,Dallas,Texas,469-137-5940
65,Renaldo,Stevenson,Elnar,Stevenson,Annabal,Stevenson,50481 Doe Crossing Parkway,Denver,Colorado,303-617-5843
66,Jody,McAuley,Muhammad,McAuley,Robinette,McAuley,895 Oakridge Terrace,Greensboro,North Carolina,336-673-8065
67,Kala,McAllister,Alard,McAllister,Emma,McAllister,962 Butternut Place,Roanoke,Virginia,540-228-8586
68,Olympia,McAfee,Nicol,McAfee,Dacia,McAfee,6 Welch Avenue,Lafayette,Louisiana,337-408-5712
69,Joelly,McIlroy,Read,McIlroy,Iormina,McIlroy,0 Glacier Hill Trail,Denver,Colorado,720-857-8285
70,Helyn,Rhodes,Sancho,Rhodes,Lacee,Rhodes,68 Warbler Center,New Haven,Connecticut,203-699-1407
71,Carey,Johnson,Alford,Johnson,Waneta,Johnson,0 Sunbrook Place,Norcross,Georgia,678-706-2233
72,Cornie,Javenson,Michail,Javenson,Elvera,Javenson,37 Barnett Hill,South Bend,Indiana,574-367-4470
73,Maighdiln,Olson,Isac,Olson,Celia,Olson,704 Springs Plaza,Cincinnati,Ohio,513-821-9658
74,Maxy,Swanson,Lammond,Swanson,Esmaria,Swanson,7 Hintze Center,Augusta,Georgia,706-743-5168
75,Nathanial,Stevenson,Nico,Stevenson,Lauree,Stevenson,184 Weeping Birch Terrace,Bradenton,Florida,941-888-9503
76,Asia,McAuley,Read,McAuley,Rona,McAuley,91380 Shoshone Street,Sacramento,California,916-519-9633
77,Cull,McAllister,Jared,McAllister,Sal,McAllister,83 Prentice Hill,Jacksonville,Florida,904-579-6290
78,Merline,McAfee,Gauthier,McAfee,Lona,McAfee,539 Petterle Terrace,Oklahoma City,Oklahoma,405-297-3780
79,Lois,McIlroy,Hailey,McIlroy,Helsa,McIlroy,653 Mariners Cove Plaza,South Bend,Indiana,574-957-8306
80,Ranice,Rhodes,Tadd,Rhodes,Tiffani,Rhodes,3332 Mendota Terrace,Lees Summit,Missouri,816-401-0205
81,Mitch,Johnson,Dermot,Johnson,Robby,Johnson,302 Maryland Place,Tampa,Florida,813-829-4877
82,Lionel,Javenson,Clarence,Javenson,Edin,Javenson,36 Stephen Road,Baton Rouge,Louisiana,225-645-3767
83,Roxana,Olson,Gerri,Olson,Etty,Olson,74169 Clyde Gallagher Place,Pasadena,California,626-810-3465
84,Wenonah,Swanson,Chrotoem,Swanson,Henryetta,Swanson,14499 Crest Line Center,Los Angeles,California,213-253-6515
85,Sheelagh,Stevenson,Sutton,Stevenson,Brigid,Stevenson,576 Talmadge Street,Saint Petersburg,Florida,813-805-0342
86,Filberte,McAuley,Alexandr,McAuley,Miriam,McAuley,696 Hoepker Lane,Corpus Christi,Texas,361-797-1536
87,Whitby,McAllister,Tabor,McAllister,Vernice,McAllister,8 Karstens Point,Albuquerque,New Mexico,505-830-1542
88,Willy,McAfee,Angus,McAfee,Tracie,McAfee,30 Bashford Drive,Arlington,Virginia,571-348-9053
89,Ennis,McIlroy,Frederic,McIlroy,Norri,McIlroy,092 Rowland Court,Seattle,Washington,206-571-5624
90,Maryellen,Rhodes,Pieter,Rhodes,Anissa,Rhodes,09814 Rieder Terrace,Lake Worth,Florida,561-900-1066
91,Sigismond,Johnson,Chen,Johnson,Dodi,Johnson,5907 Upham Terrace,Houston,Texas,713-793-0487
92,Emelina,Javenson,Kent,Javenson,Kristal,Javenson,33 Sunbrook Lane,Naples,Florida,239-106-7207
93,Matthiew,Olson,Giff,Olson,Tresa,Olson,1 Heath Center,Vienna,Virginia,571-367-5084
94,Antonia,Swanson,Eric,Swanson,Joete,Swanson,43375 Dawn Hill,Clearwater,Florida,813-720-5518
95,Jen,Stevenson,Farleigh,Stevenson,Conchita,Stevenson,6 Kingsford Alley,Tucson,Arizona,520-866-9054
96,Inger,McAuley,Jan,McAuley,Carmon,McAuley,94 Orin Lane,Winston Salem,North Carolina,336-940-7069
97,Dominica,McAllister,Shalom,McAllister,Giulietta,McAllister,3491 Oakridge Lane,Baltimore,Maryland,443-592-6697
98,Rebe,McAfee,Toiboid,McAfee,Saidee,McAfee,00 Ruskin Plaza,Austin,Texas,512-816-2292
99,Ode,McIlroy,Kristo,McIlroy,Lacey,McIlroy,7 Larry Point,Los Angeles,California,213-636-7847
100,Zsazsa,Rhodes,Borg,Rhodes,Aarika,Rhodes,85 Eagle Crest Circle,Columbus,Ohio,614-970-3421
101,Ritchie,Johnson,Obadiah,Johnson,Kally,Johnson,40 Daystar Center,Columbus,Ohio,402-342-7891
102,Richart,Javenson,Sawyer,Javenson,Jillane,Javenson,412 Calypso Avenue,Memphis,Tennessee,901-710-8869
103,Horace,Olson,Tailor,Olson,Katey,Olson,00 Browning Park,Tucson,Arizona,323-112-0498
104,Nickie,Swanson,Andris,Swanson,Stefa,Swanson,273 Rockefeller Alley,Milwaukee,Wisconsin,864-847-1140
105,Pattie,Stevenson,Gerard,Stevenson,Doro,Stevenson,15 Fordem Junction,Fort Wayne,Indiana,510-889-0545
106,Kinny,McAuley,Madison,McAuley,Hermione,McAuley,6315 Monument Street,San Luis Obispo,California,305-772-7655
107,Aloin,McAllister,Jon,McAllister,Arlyn,McAllister,9062 Talmadge Court,Houston,Texas,404-872-5021
108,Codie,McAfee,Woody,McAfee,Marylin,McAfee,25 Mesta Junction,Huntsville,Alabama,212-127-7508
109,Benedetto,McIlroy,Vail,McIlroy,Melli,McIlroy,7 Nevada Street,Jacksonville,Florida,202-592-8206
110,Colver,Rhodes,Franny,Rhodes,Dorri,Rhodes,7 School Drive,Albuquerque,New Mexico,209-868-8340
111,Penn,Johnson,Garrik,Johnson,Charita,Johnson,6 Meadow Vale Way,Colorado Springs,Colorado,916-263-1092
112,Dunn,Javenson,Tades,Javenson,Michele,Javenson,120 Merchant Terrace,Atlanta,Georgia,816-218-8237
113,Lambert,Olson,Mordecai,Olson,Rhody,Olson,273 Shoshone Circle,Amarillo,Texas,210-564-5289
114,Derrick,Swanson,Yuma,Swanson,Kerianne,Swanson,2 Kings Place,Greensboro,North Carolina,512-247-0599
115,Alwin,Stevenson,Geordie,Stevenson,Portia,Stevenson,2 Fairview Crossing,Jacksonville,Florida,214-187-6005
116,Yves,McAuley,Emerson,McAuley,Dominica,McAuley,930 Vidon Alley,Tampa,Florida,815-897-6031
117,Winslow,McAllister,De witt,McAllister,Beverlee,McAllister,9 Sugar Center,Little Rock,Arkansas,310-440-2468
118,Reamonn,McAfee,Reinhard,McAfee,Elsy,McAfee,32655 Main Court,Boise,Idaho,859-356-9736
119,Reynard,McIlroy,Toiboid,McIlroy,Holli,McIlroy,3 Steensland Place,Boston,Massachusetts,562-704-4570
120,Daren,Rhodes,Raphael,Rhodes,Betty,Rhodes,4 Basil Pass,Miami,Florida,218-617-1833
121,Meade,Johnson,Cash,Johnson,Madelon,Johnson,1653 Sherman Plaza,Salt Lake City,Utah,573-710-2364
122,Burtie,Javenson,Llewellyn,Javenson,Anya,Javenson,6 Brentwood Place,Cleveland,Ohio,813-822-6482
123,Maxwell,Olson,Haywood,Olson,Ianthe,Olson,3669 Commercial Plaza,Denver,Colorado,331-630-9340
124,Barton,Swanson,Ax,Swanson,Gwendolyn,Swanson,5911 Old Gate Drive,Sacramento,California,203-959-0350
125,Hillie,Stevenson,Case,Stevenson,Fidelity,Stevenson,377 Ridgeview Point,Durham,North Carolina,405-202-0709
126,Son,McAuley,Julian,McAuley,Elene,McAuley,731 Fairfield Street,Rochester,Minnesota,970-306-2188
127,Roderic,McAllister,Austen,McAllister,Karilynn,McAllister,06 Fremont Lane,Washington,District of Columbia,770-374-3357
128,Fonz,McAfee,Walt,McAfee,Lorrayne,McAfee,281 Sherman Terrace,Marietta,Georgia,336-353-4480
129,Leighton,McIlroy,Paolo,McIlroy,Eloise,McIlroy,07 Mosinee Point,Wichita,Kansas,402-597-1165
130,Drew,Rhodes,Oran,Rhodes,Tim,Rhodes,0476 Bartelt Trail,Saint Paul,Minnesota,918-800-9391
131,Ulick,Johnson,Torr,Johnson,Emilee,Johnson,9 Linden Hill,New York City,New York,510-466-1654
132,Stacee,Javenson,Rodrique,Javenson,Cyndy,Javenson,437 Killdeer Trail,Manchester,New Hampshire,815-785-1694
133,Jase,Olson,Si,Olson,Jacquenette,Olson,9833 Leroy Plaza,Champaign,Illinois,415-527-3050
134,Salim,Swanson,Penny,Swanson,Fifi,Swanson,154 Harbort Junction,Montgomery,Alabama,918-381-0749
135,Chucho,Stevenson,Raff,Stevenson,Leone,Stevenson,2 Fulton Avenue,Washington,District of Columbia,561-258-9552
136,Hendrik,McAuley,Guido,McAuley,Audie,McAuley,1724 Valley Edge Trail,Los Angeles,California,212-996-7223
137,Rutherford,McAllister,Rowney,McAllister,Tiffani,McAllister,368 Summerview Point,Lees Summit,Missouri,303-803-8545
138,Emery,McAfee,Sammie,McAfee,Cristal,McAfee,7 Kensington Drive,Mansfield,Ohio,570-696-2999
139,Benedicto,McIlroy,Reggie,McIlroy,Casi,McIlroy,027 Schurz Crossing,El Paso,Texas,702-461-2669
140,Calv,Rhodes,Luis,Rhodes,Jannel,Rhodes,9 Kenwood Pass,Bismarck,North Dakota,757-502-8197
141,Giordano,Johnson,Kev,Johnson,Ora,Johnson,05239 Mccormick Hill,Tulsa,Oklahoma,330-498-8067
142,Nikos,Javenson,Thaddus,Javenson,Pearle,Javenson,59 Hazelcrest Street,North Port,Florida,234-281-2156
143,Guthrey,Olson,Gar,Olson,Selinda,Olson,63051 Meadow Vale Way,North Little Rock,Arkansas,520-184-5227
144,Gherardo,Swanson,Claus,Swanson,Madelene,Swanson,00 Straubel Terrace,Nashville,Tennessee,816-662-0558
145,Cob,Stevenson,Eugenio,Stevenson,Ysabel,Stevenson,2 Ruskin Center,Columbia,South Carolina,203-197-4301
146,Rafferty,McAuley,Padriac,McAuley,Benedikta,McAuley,275 Aberg Plaza,Memphis,Tennessee,304-325-2887
147,Gerrie,McAllister,Abba,McAllister,Mallory,McAllister,8896 Loeprich Court,Washington,District of Columbia,509-991-3083
148,Brad,McAfee,Oswald,McAfee,Christen,McAfee,766 Prairieview Park,Jackson,Mississippi,210-982-8491
149,Alexandre,McIlroy,Fredrick,McIlroy,Heda,McIlroy,8995 Ludington Junction,Washington,District of Columbia,202-290-9795
150,Jdavie,Rhodes,Prescott,Rhodes,Leilah,Rhodes,6 2nd Road,Port Charlotte,Florida,213-359-9742
151,Che,Johnson,Pate,Johnson,Phyllys,Johnson,11 Glendale Terrace,Philadelphia,Pennsylvania,314-999-8150
152,Murdock,Javenson,Huntington,Javenson,Melisenda,Javenson,205 Hudson Point,Lancaster,Pennsylvania,713-295-7140
153,Erik,Olson,Demetri,Olson,Fidela,Olson,3 Forest Court,Rochester,New York,361-241-2483
154,Art,Swanson,Mylo,Swanson,Daffi,Swanson,504 Redwing Terrace,Stockton,California,303-474-0687
155,Jaime,Stevenson,Lyman,Stevenson,Gabrielle,Stevenson,3 Miller Junction,New York City,New York,213-956-6965
156,Trumann,McAuley,Alaric,McAuley,Dee dee,McAuley,0 Ryan Plaza,Portland,Oregon,402-119-0276
157,Herbie,McAllister,Aland,McAllister,Emelyne,McAllister,952 Sachs Terrace,Sacramento,California,540-118-8427
158,Brooke,McAfee,Christie,McAfee,Cher,McAfee,6 Johnson Road,Palm Bay,Florida,214-107-9024
159,Lawton,McIlroy,Francklyn,McIlroy,Marylynne,McIlroy,58439 Lakewood Plaza,Houston,Texas,414-693-1172
160,Benedetto,Rhodes,Jessee,Rhodes,Gilemette,Rhodes,145 Basil Alley,Waterbury,Connecticut,971-606-9253
161,Eustace,Johnson,Karlens,Johnson,Clementina,Johnson,36306 Steensland Road,Tucson,Arizona,407-965-5040
162,Griswold,Javenson,Austin,Javenson,Sherline,Javenson,24010 Cody Park,Washington,District of Columbia,773-778-5244
163,Patty,Olson,Fielding,Olson,Julietta,Olson,991 Atwood Point,Metairie,Louisiana,502-767-3454
164,Milty,Swanson,Artie,Swanson,Danita,Swanson,907 Schiller Crossing,San Francisco,California,202-663-6874
165,Elnar,Stevenson,Maximilianus,Stevenson,Beatrisa,Stevenson,52662 Bellgrove Point,Pocatello,Idaho,915-468-0613
166,Muhammad,McAuley,Dunstan,McAuley,Ulrike,McAuley,294 Springview Circle,Roanoke,Virginia,304-889-0866
167,Alard,McAllister,Royce,McAllister,Fifi,McAllister,1 Glendale Crossing,Charleston,West Virginia,234-290-8121
168,Nicol,McAfee,Silvain,McAfee,Lexine,McAfee,925 Schlimgen Place,El Paso,Texas,815-356-5734
169,Read,McIlroy,Rufe,McIlroy,Melony,McIlroy,5 Memorial Parkway,San Antonio,Texas,585-739-9455
170,Sancho,Rhodes,Tommie,Rhodes,Mona,Rhodes,56615 Sundown Terrace,Seminole,Florida,754-862-2327
171,Alford,Johnson,Guy,Johnson,Lilias,Johnson,43427 Chive Alley,Richmond,California,970-205-7653
172,Michail,Javenson,Drake,Javenson,Stefania,Javenson,8794 Mcguire Terrace,Indianapolis,Indiana,804-884-7554
173,Isac,Olson,Gavin,Olson,Corella,Olson,445 Old Shore Place,Evansville,Indiana,857-559-3894
174,Lammond,Swanson,Perry,Swanson,Faunie,Swanson,1 Calypso Lane,Long Beach,California,571-276-4975
175,Nico,Stevenson,Wesley,Stevenson,Mariquilla,Stevenson,94 Roxbury Way,Grand Junction,Colorado,971-609-9949
176,Read,McAuley,Neall,McAuley,Valerie,McAuley,34 Hermina Place,Stamford,Connecticut,702-308-1056
177,Jared,McAllister,Thaine,McAllister,Hatti,McAllister,3193 Golf Course Avenue,Savannah,Georgia,602-453-7322
178,Gauthier,McAfee,Torrance,McAfee,Rosaline,McAfee,37776 Cardinal Park,Las Vegas,Nevada,612-108-7786
179,Hailey,McIlroy,Darrin,McIlroy,Gwen,McIlroy,138 Cottonwood Parkway,Tulsa,Oklahoma,405-158-8071
180,Tadd,Rhodes,Morgen,Rhodes,Roobbie,Rhodes,3 Amoth Junction,Atlanta,Georgia,754-854-8445
181,Dermot,Johnson,Randy,Johnson,Tatiana,Johnson,9930 Spaight Plaza,San Antonio,Texas,530-236-6502
182,Clarence,Javenson,Harlan,Javenson,Rhetta,Javenson,05621 Valley Edge Crossing,Warren,Michigan,206-279-3424
183,Gerri,Olson,Lenard,Olson,Hatty,Olson,4790 Logan Terrace,Kansas City,Missouri,915-100-3442
184,Chrotoem,Swanson,Sully,Swanson,Sam,Swanson,960 Portage Plaza,Detroit,Michigan,480-118-7606
185,Sutton,Stevenson,Arch,Stevenson,Jackie,Stevenson,561 Marquette Park,Chicago,Illinois,251-357-4182
186,Alexandr,McAuley,Reggis,McAuley,Berty,McAuley,9680 Welch Center,Champaign,Illinois,216-116-7581
187,Tabor,McAllister,Thaine,McAllister,Hatti,McAllister,789 Stang Park,Tulsa,Oklahoma,903-872-3861
188,Angus,McAfee,Torrance,McAfee,Rosaline,McAfee,68921 Park Meadow Plaza,Colorado Springs,Colorado,206-786-0412
189,Frederic,McIlroy,Darrin,McIlroy,Gwen,McIlroy,0 Prentice Place,Sacramento,California,408-101-0621
190,Pieter,Rhodes,Morgen,Rhodes,Roobbie,Rhodes,96 Vidon Way,Denver,Colorado,910-592-1634
191,Chen,Johnson,Randy,Johnson,Tatiana,Johnson,80877 Gateway Street,White Plains,New York,262-524-5656
192,Kent,Javenson,Harlan,Javenson,Rhetta,Javenson,50 Ryan Alley,Indianapolis,Indiana,212-202-4153
193,Giff,Olson,Lenard,Olson,Hatty,Olson,1746 Tennessee Junction,Phoenix,Arizona,937-295-1965
194,Eric,Swanson,Sully,Swanson,Sam,Swanson,2166 Pierstorff Point,Richmond,Virginia,832-601-7016
195,Farleigh,Stevenson,Arch,Stevenson,Jackie,Stevenson,3798 Oak Circle,Minneapolis,Minnesota,918-917-3227
196,Jan,McAuley,Reggis,McAuley,Berty,McAuley,3 Nobel Pass,Aurora,Colorado,702-248-2917
197,Shalom,McAllister,Graham,McAllister,Penny,McAllister,8 Briar Crest Alley,Sioux Falls,South Dakota,218-790-5268
198,Toiboid,McAfee,Jerrome,McAfee,Kirbee,McAfee,791 Lawn Terrace,Saint Louis,Missouri,919-639-5642
199,Kristo,McIlroy,Elsworth,McIlroy,Stace,McIlroy,899 Sunbrook Road,Saint Louis,Missouri,847-861-6094
200,Borg,Rhodes,Donovan,Rhodes,Katheryn,Rhodes,1542 Birchwood Place,Arlington,Virginia,651-318-2645
201,Kath,Johnson,Nikola,Johnson,Madelyn,Johnson,137 Gina Pass,Milwaukee,Wisconsin,408-439-5002
202,Correy,Javenson,Micky,Javenson,Brande,Javenson,166 Redwing Drive,Tallahassee,Florida,256-673-5433
203,Katrina,Olson,Pepe,Olson,Delphinia,Olson,40 Center Place,Omaha,Nebraska,502-519-7806
204,Tiena,Swanson,Link,Swanson,Valaria,Swanson,468 Tomscot Lane,Los Angeles,California,806-566-1025
205,Myrtle,Stevenson,Erroll,Stevenson,Stormy,Stevenson,940 Kedzie Drive,Manchester,New Hampshire,859-671-6179
206,Jeri,McAuley,Garwin,McAuley,Sara,McAuley,8710 Westport Avenue,Madison,Wisconsin,704-451-1045
207,Ursa,McAllister,Hilton,McAllister,Karine,McAllister,23 Anniversary Center,Montgomery,Alabama,808-330-3155
208,Blanch,McAfee,Elias,McAfee,Tory,McAfee,93744 Morning Point,Houston,Texas,903-266-5198
209,Juliet,McIlroy,Frederic,McIlroy,Pamela,McIlroy,70502 Arkansas Trail,Stockton,California,304-991-1239
210,Cherry,Rhodes,Kylie,Rhodes,Adelaida,Rhodes,03 Badeau Street,Arlington,Virginia,425-524-6217
211,Adele,Johnson,Garvy,Johnson,Correna,Johnson,624 Dahle Park,Honolulu,Hawaii,254-402-2383
212,Lelah,Javenson,Rosco,Javenson,Ileane,Javenson,54001 Ludington Drive,Albuquerque,New Mexico,202-361-0955
213,Hephzibah,Olson,Shepard,Olson,Binni,Olson,27157 Redwing Junction,Prescott,Arizona,704-557-7185
214,Gerry,Swanson,Humphrey,Swanson,Roxine,Swanson,4955 Claremont Court,Salt Lake City,Utah,312-154-3040
215,Ansley,Stevenson,Clemmy,Stevenson,Arlen,Stevenson,40137 Union Crossing,Hialeah,Florida,859-458-1561
216,Geneva,McAuley,Nate,McAuley,Vivie,McAuley,60 Sauthoff Point,Spring,Texas,228-654-9069
217,Jeanelle,McAllister,Christoper,McAllister,Maddi,McAllister,8 Corben Pass,Boise,Idaho,954-752-1476
218,Nona,McAfee,Ulrick,McAfee,Rosella,McAfee,04862 Burning Wood Way,Sacramento,California,862-169-3350
219,Bonnie,McIlroy,Erasmus,McIlroy,Ailyn,McIlroy,58 Cody Way,Washington,District of Columbia,907-646-9699
220,Delphinia,Rhodes,Hall,Rhodes,Chere,Rhodes,5486 Graceland Trail,Helena,Montana,312-146-0254
221,Catha,Johnson,Patrizio,Johnson,Ceciley,Johnson,08 Service Pass,Savannah,Georgia,216-358-0079
222,Marja,Javenson,Hillier,Javenson,Sybilla,Javenson,51115 Eliot Junction,Miami,Florida,941-600-4772
223,Crissie,Olson,Briano,Olson,Bibbye,Olson,3 Manley Park,Washington,District of Columbia,614-210-5656
224,Amalia,Swanson,Ebenezer,Swanson,Zita,Swanson,5 Shoshone Terrace,Charlotte,North Carolina,313-810-5679
225,Merridie,Stevenson,Trumann,Stevenson,Belvia,Stevenson,6619 Kipling Court,Detroit,Michigan,415-881-7801
226,Jasmine,McAuley,Lammond,McAuley,Horatia,McAuley,22280 Dapin Center,Syracuse,New York,410-580-1795
227,Kaela,McAllister,Torrence,McAllister,Ree,McAllister,8585 Elgar Park,Kansas City,Missouri,815-197-9379
228,Alisun,McAfee,Josh,McAfee,Doralin,McAfee,4939 Truax Trail,Albuquerque,New Mexico,206-882-3614
229,Nonna,McIlroy,Che,McIlroy,Aubry,McIlroy,64851 Arapahoe Plaza,Dayton,Ohio,520-628-7215
230,Salome,Rhodes,Haslett,Rhodes,Jenifer,Rhodes,9 Packers Circle,Birmingham,Alabama,518-712-4118
231,Ronica,Johnson,Ludvig,Johnson,Leland,Johnson,8 Blue Bill Park Way,Brooklyn,New York,915-329-4383
232,Costanza,Javenson,Waverly,Javenson,Jerry,Javenson,39050 Wayridge Alley,Columbia,South Carolina,517-785-1564
233,Debee,Olson,Nappie,Olson,Arlyn,Olson,86558 Lawn Way,Amarillo,Texas,713-522-7596
234,Tiffani,Swanson,Bink,Swanson,Inga,Swanson,168 Messerschmidt Point,Pensacola,Florida,502-648-3979
235,Jacky,Stevenson,Benton,Stevenson,Laverne,Stevenson,38244 International Street,Plano,Texas,585-781-1166
236,Belita,McAuley,Bennie,McAuley,Millisent,McAuley,36 Sunnyside Circle,San Rafael,California,281-131-0287
237,Lenna,McAllister,Nickey,McAllister,Lorelle,McAllister,2383 6th Street,Annapolis,Maryland,540-906-0385
238,Wanids,McAfee,See,McAfee,Ardelle,McAfee,897 Harper Park,Boston,Massachusetts,713-212-3243
239,Cassandra,McIlroy,Buck,McIlroy,Shawnee,McIlroy,7966 Nova Crossing,Northridge,California,765-640-6294
240,Trenna,Rhodes,Mathe,Rhodes,Liane,Rhodes,79 Pearson Court,Decatur,Georgia,813-809-6310
241,Carilyn,Johnson,Lyell,Johnson,Vallie,Johnson,11 Rockefeller Drive,Albany,Georgia,512-434-0521
242,Elka,Javenson,Francois,Javenson,Brittany,Javenson,673 Birchwood Plaza,Fort Worth,Texas,215-730-6594
243,Cele,Olson,Bryn,Olson,Netti,Olson,2288 Rieder Junction,Herndon,Virginia,202-402-8727
244,Carina,Swanson,Yehudit,Swanson,Dusty,Swanson,4302 School Drive,Birmingham,Alabama,773-756-2588
245,Johnette,Stevenson,Lindy,Stevenson,Susi,Stevenson,03275 Oriole Drive,Chicago,Illinois,202-438-2166
246,Mercie,McAuley,Falito,McAuley,Emmalynne,McAuley,748 Waxwing Alley,Bronx,New York,972-234-7499
247,Bunni,McAllister,Niles,McAllister,Dinnie,McAllister,308 Old Shore Plaza,Dallas,Texas,228-467-7108
248,Adela,McAfee,Hale,McAfee,Tish,McAfee,02362 Becker Drive,Dallas,Texas,361-715-4110
249,Tommie,McIlroy,Roscoe,McIlroy,Irita,McIlroy,71150 Nova Point,Kansas City,Kansas,302-895-0196
250,Stevana,Rhodes,Fairlie,Rhodes,Laurie,Rhodes,3 Dryden Hill,Montgomery,Alabama,646-526-0512
251,Georgeta,Johnson,Dolf,Johnson,Mireille,Johnson,08416 Lake View Road,Los Angeles,California,209-676-3386
252,Agnese,Javenson,Mitchell,Javenson,Grethel,Javenson,38989 Sherman Parkway,Indianapolis,Indiana,540-564-0872
253,Dido,Olson,Arvy,Olson,Rebecca,Olson,0 Scott Drive,Stamford,Connecticut,719-583-2952
254,Vittoria,Swanson,Andros,Swanson,Cristal,Swanson,620 Hanover Center,Corpus Christi,Texas,202-514-5269
255,Daffy,Stevenson,Theodore,Stevenson,Sukey,Stevenson,4 Pennsylvania Court,Detroit,Michigan,405-557-1019
256,Lettie,McAuley,Sigmund,McAuley,Raeann,McAuley,4 Marquette Court,Jackson,Mississippi,713-577-0053
257,Virginie,McAllister,Temp,McAllister,Sibeal,McAllister,5904 Hooker Parkway,Indianapolis,Indiana,915-808-4588
258,Lauryn,McAfee,Judon,McAfee,Brit,McAfee,1779 Aberg Trail,San Diego,California,559-539-3198
259,Joannes,McIlroy,Marwin,McIlroy,Gwenette,McIlroy,1247 Ludington Plaza,Warren,Michigan,251-523-7935
260,Melisandra,Rhodes,Marve,Rhodes,Briana,Rhodes,2 Monica Center,Orlando,Florida,516-350-5377
261,Lelia,Johnson,Aubert,Johnson,Hailee,Johnson,16 Ludington Street,Houston,Texas,704-523-5985
262,Aggie,Javenson,Averil,Javenson,Frank,Javenson,93973 Ruskin Court,Bethesda,Maryland,713-420-3694
263,Sidoney,Olson,Matthias,Olson,Bridie,Olson,411 Carberry Hill,Knoxville,Tennessee,716-752-4518
264,Lulita,Swanson,Caldwell,Swanson,Jobey,Swanson,88 Sloan Plaza,Lansing,Michigan,907-175-1425
265,Annabal,Stevenson,Ethe,Stevenson,Rosita,Stevenson,5609 Vermont Center,Dayton,Ohio,702-841-8797
266,Robinette,McAuley,Bowie,McAuley,Angie,McAuley,14266 Merry Crossing,Wichita,Kansas,775-696-1741
267,Emma,McAllister,Clare,McAllister,Joyous,McAllister,068 Bultman Trail,Springfield,Massachusetts,812-725-1063
268,Dacia,McAfee,Ermanno,McAfee,Daniela,McAfee,69 Bluejay Hill,Raleigh,North Carolina,571-464-5063
269,Iormina,McIlroy,Allister,McIlroy,Elsey,McIlroy,38922 Pine View Circle,El Paso,Texas,434-138-2322
270,Lacee,Rhodes,Radcliffe,Rhodes,Audie,Rhodes,45692 Pennsylvania Road,Baltimore,Maryland,786-187-2667
271,Waneta,Johnson,Neill,Johnson,Lethia,Johnson,073 Surrey Avenue,Homestead,Florida,937-614-6730
272,Elvera,Javenson,Roderick,Javenson,Jaclyn,Javenson,1 Moose Drive,North Las Vegas,Nevada,912-915-9577
273,Celia,Olson,Arthur,Olson,Kerry,Olson,1179 Bayside Road,Cincinnati,Ohio,915-826-7185
274,Esmaria,Swanson,Raddie,Swanson,Luise,Swanson,61073 Hoffman Pass,Houston,Texas,914-561-2484
275,Lauree,Stevenson,Staford,Stevenson,Barbee,Stevenson,38 Goodland Pass,Albuquerque,New Mexico,808-430-6373
276,Rona,McAuley,Willis,McAuley,Arden,McAuley,755 David Terrace,Memphis,Tennessee,775-119-5980
277,Sal,McAllister,Timmie,McAllister,Terry,McAllister,9630 Dryden Point,Fort Smith,Arkansas,208-513-4349
278,Lona,McAfee,Orlan,McAfee,Norri,McAfee,238 Waxwing Point,Atlanta,Georgia,941-288-7707
279,Helsa,McIlroy,Padraig,McIlroy,Arabele,McIlroy,19902 Comanche Street,Roanoke,Virginia,217-648-0939
280,Tiffani,Rhodes,Siward,Rhodes,Alisun,Rhodes,9 Harbort Alley,New Haven,Connecticut,203-126-8168
281,Robby,Johnson,Guthry,Johnson,Susanna,Johnson,18943 Toban Plaza,Pompano Beach,Florida,405-995-9252
282,Edin,Javenson,Abby,Javenson,Aili,Javenson,2 Ludington Street,Boise,Idaho,937-656-6293
283,Etty,Olson,Bayard,Olson,Jenda,Olson,1 Parkside Park,Portland,Oregon,661-325-9803
284,Henryetta,Swanson,Kleon,Swanson,Lonee,Swanson,4016 Esker Place,Olympia,Washington,212-955-9811
285,Brigid,Stevenson,Taddeusz,Stevenson,Madge,Stevenson,6919 Iowa Junction,Peoria,Arizona,901-709-0640
286,Miriam,McAuley,Darn,McAuley,Florie,McAuley,037 Sherman Street,Arlington,Texas,203-256-1548
287,Vernice,McAllister,Walt,McAllister,Zora,McAllister,633 Heffernan Place,Fort Lauderdale,Florida,316-819-4575
288,Tracie,McAfee,Ban,McAfee,Kass,McAfee,580 Clyde Gallagher Court,El Paso,Texas,915-240-2349
289,Norri,McIlroy,Noby,McIlroy,Binny,McIlroy,77 Veith Parkway,Pittsburgh,Pennsylvania,804-603-9047
290,Anissa,Rhodes,Crichton,Rhodes,Lauralee,Rhodes,3 Lerdahl Junction,Saint Paul,Minnesota,806-901-5093
291,Dodi,Johnson,Dalis,Johnson,Brittaney,Johnson,2 Granby Circle,Las Vegas,Nevada,281-611-0719
292,Kristal,Javenson,Dagny,Javenson,Viola,Javenson,75155 Carioca Parkway,Minneapolis,Minnesota,571-452-6039
293,Tresa,Olson,Tomaso,Olson,Shayne,Olson,742 Sherman Road,Cincinnati,Ohio,505-801-7203
294,Joete,Swanson,Stavros,Swanson,Jorey,Swanson,97055 Delladonna Road,Pasadena,California,832-546-9866
295,Conchita,Stevenson,Francois,Stevenson,Nanine,Stevenson,40 Little Fleur Hill,Pomona,California,502-961-4340
296,Carmon,McAuley,Clayson,McAuley,Laverna,McAuley,544 Quincy Road,Boise,Idaho,661-596-6021
297,Giulietta,McAllister,Ruperto,McAllister,Kelcie,McAllister,620 Moose Crossing,Manassas,Virginia,941-469-9009
298,Saidee,McAfee,Herman,McAfee,Larine,McAfee,0 High Crossing Hill,Paterson,New Jersey,443-281-2604
299,Lacey,McIlroy,Gregory,McIlroy,Viviana,McIlroy,144 Express Plaza,Silver Spring,Maryland,831-756-8777
300,Aarika,Rhodes,Glendon,Rhodes,Elsa,Rhodes,64 Sycamore Circle,Wichita,Kansas,253-173-1199
301,Aimil,Johnson,Ritchie,Johnson,Kath,Johnson,28 Lotheville Way,Sandy,Utah,406-494-0466
302,Trula,Javenson,Richart,Javenson,Correy,Javenson,6187 Bultman Center,Oklahoma City,Oklahoma,305-343-3152
303,Raychel,Olson,Horace,Olson,Katrina,Olson,28 Anderson Avenue,Washington,District of Columbia,281-638-5980
304,Glennie,Swanson,Nickie,Swanson,Tiena,Swanson,821 Eagan Avenue,Birmingham,Alabama,801-518-7850
305,Breena,Stevenson,Pattie,Stevenson,Myrtle,Stevenson,1 Merchant Place,Buffalo,New York,317-815-5883
306,Chiquia,McAuley,Kinny,McAuley,Jeri,McAuley,16867 Montana Park,Louisville,Kentucky,336-401-5862
307,Evangelina,McAllister,Aloin,McAllister,Ursa,McAllister,2 Calypso Street,High Point,North Carolina,410-653-0863
308,Gwenora,McAfee,Codie,McAfee,Blanch,McAfee,3632 Burrows Street,San Francisco,California,813-897-9049
309,Yetta,McIlroy,Benedetto,McIlroy,Juliet,McIlroy,7496 Di Loreto Plaza,Youngstown,Ohio,203-200-4163
310,Cynthie,Rhodes,Colver,Rhodes,Cherry,Rhodes,7977 Gina Junction,New York City,New York,361-459-3677
311,Esther,Johnson,Penn,Johnson,Adele,Johnson,19435 Waxwing Hill,Levittown,Pennsylvania,205-210-2573
312,Sybil,Javenson,Dunn,Javenson,Lelah,Javenson,3 Fremont Plaza,Minneapolis,Minnesota,330-149-9395
313,Mommy,Olson,Lambert,Olson,Hephzibah,Olson,8871 Coleman Circle,Milwaukee,Wisconsin,404-870-2183
314,Kathi,Swanson,Derrick,Swanson,Gerry,Swanson,5 Messerschmidt Plaza,Shawnee Mission,Kansas,502-135-4628
315,Cybil,Stevenson,Alwin,Stevenson,Ansley,Stevenson,508 Prairie Rose Circle,Rochester,New York,713-214-2563
316,Christiana,McAuley,Yves,McAuley,Geneva,McAuley,97453 Hermina Alley,Birmingham,Alabama,904-358-0796
317,Shayna,McAllister,Winslow,McAllister,Jeanelle,McAllister,81772 Jana Street,Peoria,Illinois,716-858-0248
318,Anni,McAfee,Reamonn,McAfee,Nona,McAfee,33158 Iowa Plaza,Naples,Florida,202-483-3868
319,Shanda,McIlroy,Reynard,McIlroy,Bonnie,McIlroy,07 Cody Point,New Orleans,Louisiana,719-261-2119
320,Paloma,Rhodes,Daren,Rhodes,Delphinia,Rhodes,384 Heffernan Point,Mesa,Arizona,615-242-0222
321,Netta,Johnson,Meade,Johnson,Catha,Johnson,6 Ruskin Crossing,Nashville,Tennessee,916-138-4419
322,Mame,Javenson,Burtie,Javenson,Marja,Javenson,833 Tennessee Park,Chicago,Illinois,562-575-4857
323,Catherina,Olson,Maxwell,Olson,Crissie,Olson,584 Chinook Center,Oakland,California,651-368-1368
324,Kevina,Swanson,Barton,Swanson,Amalia,Swanson,71 Cordelia Junction,Evansville,Indiana,916-923-4025
325,Clemmie,Stevenson,Hillie,Stevenson,Merridie,Stevenson,32 Roxbury Plaza,Topeka,Kansas,202-176-6692
326,Selia,McAuley,Son,McAuley,Jasmine,McAuley,97 Gulseth Junction,Houston,Texas,860-585-8725
327,Julienne,McAllister,Roderic,McAllister,Kaela,McAllister,42476 Hazelcrest Road,Little Rock,Arkansas,812-136-6752
328,Arleta,McAfee,Fonz,McAfee,Alisun,McAfee,62 Calypso Court,Saint Paul,Minnesota,563-319-2788
329,Liva,McIlroy,Leighton,McIlroy,Nonna,McIlroy,9 Mockingbird Circle,San Francisco,California,803-415-6551
330,Kamillah,Rhodes,Drew,Rhodes,Salome,Rhodes,6979 Oak Place,Sacramento,California,215-722-0123
331,Anne-corinne,Johnson,Ulick,Johnson,Ronica,Johnson,95 Becker Alley,Lubbock,Texas,617-571-8302
332,Maximo,Javenson,Stacee,Javenson,Costanza,Javenson,5908 Northland Lane,Boston,Massachusetts,214-688-0945
333,Hewett,Olson,Jase,Olson,Debee,Olson,06 Tony Place,Frederick,Maryland,310-214-1133
334,Currie,Swanson,Salim,Swanson,Tiffani,Swanson,604 Green Ridge Way,Detroit,Michigan,915-850-7609
335,Earle,Stevenson,Chucho,Stevenson,Jacky,Stevenson,1 Lerdahl Alley,Bonita Springs,Florida,951-399-2861
336,Cornall,McAuley,Hendrik,McAuley,Belita,McAuley,28 Hoard Trail,Canton,Ohio,913-608-9018
337,Davide,McAllister,Rutherford,McAllister,Lenna,McAllister,96204 Golf View Alley,Washington,District of Columbia,302-816-5321
338,Jackson,McAfee,Emery,McAfee,Wanids,McAfee,15444 Harper Drive,Pasadena,California,404-289-2194
339,Ellwood,McIlroy,Benedicto,McIlroy,Cassandra,McIlroy,896 Coleman Circle,Peoria,Illinois,916-551-8239
340,Chev,Rhodes,Calv,Rhodes,Trenna,Rhodes,8953 Upham Road,Spartanburg,South Carolina,305-761-1860
341,Gaspard,Johnson,Giordano,Johnson,Carilyn,Johnson,653 Ludington Avenue,Mobile,Alabama,206-574-4677
342,Rafaellle,Javenson,Nikos,Javenson,Elka,Javenson,20 Merry Junction,White Plains,New York,586-109-6925
343,Batholomew,Olson,Guthrey,Olson,Cele,Olson,5238 Bunker Hill Terrace,Minneapolis,Minnesota,405-667-7281
344,Chevy,Swanson,Gherardo,Swanson,Carina,Swanson,00273 Lawn Pass,Los Angeles,California,325-134-6841
345,Murdock,Stevenson,Cob,Stevenson,Johnette,Stevenson,5 Dunning Circle,Henderson,Nevada,517-290-1839
346,Weston,McAuley,Rafferty,McAuley,Mercie,McAuley,2460 Express Park,Warren,Michigan,903-764-1095
347,Joaquin,McAllister,Gerrie,McAllister,Bunni,McAllister,2268 Lakewood Park,Birmingham,Alabama,202-105-5078
348,Patric,McAfee,Brad,McAfee,Adela,McAfee,1176 Moose Drive,Oklahoma City,Oklahoma,918-167-0487
349,Sky,McIlroy,Alexandre,McIlroy,Tommie,McIlroy,0 Mallard Court,Newton,Massachusetts,404-943-2533
350,Guglielmo,Rhodes,Jdavie,Rhodes,Stevana,Rhodes,8105 Tomscot Alley,Richmond,Virginia,775-670-4421
351,Andre,Johnson,Che,Johnson,Georgeta,Johnson,3 Vidon Court,South Bend,Indiana,706-259-2937
352,Kelsey,Javenson,Murdock,Javenson,Agnese,Javenson,3678 Scoville Lane,Saginaw,Michigan,916-186-4369
353,Herschel,Olson,Erik,Olson,Dido,Olson,2 Manufacturers Lane,Phoenix,Arizona,404-163-5147
354,Tito,Swanson,Art,Swanson,Vittoria,Swanson,54 Buena Vista Place,Fort Lauderdale,Florida,850-805-2249
355,Consalve,Stevenson,Jaime,Stevenson,Daffy,Stevenson,28 Armistice Hill,Scottsdale,Arizona,865-508-8031
356,Heinrick,McAuley,Trumann,McAuley,Lettie,McAuley,89 Comanche Plaza,Fort Worth,Texas,215-410-0803
357,Eldin,McAllister,Herbie,McAllister,Virginie,McAllister,27 Namekagon Circle,Schenectady,New York,732-251-4776
358,Kevan,McAfee,Brooke,McAfee,Lauryn,McAfee,57245 Scoville Alley,Huntington,West Virginia,214-692-2628
359,Coleman,McIlroy,Lawton,McIlroy,Joannes,McIlroy,9137 Commercial Trail,El Paso,Texas,951-655-7199
360,Zack,Rhodes,Benedetto,Rhodes,Melisandra,Rhodes,91 West Plaza,New York City,New York,702-164-4795
361,Meghan,Johnson,Eustace,Johnson,Lelia,Johnson,18 Ramsey Lane,Lexington,Kentucky,626-980-7321
362,Corliss,Javenson,Griswold,Javenson,Aggie,Javenson,65691 Bayside Point,Houston,Texas,602-495-6936
363,Willa,Olson,Patty,Olson,Sidoney,Olson,36 Golf View Road,Louisville,Kentucky,585-386-9520
364,Jaynell,Swanson,Milty,Swanson,Lulita,Swanson,568 Roth Parkway,Ocala,Florida,979-106-2853
365,Jena,Stevenson,Elnar,Stevenson,Annabal,Stevenson,123 Dakota Park,Honolulu,Hawaii,615-248-0401
366,Imojean,McAuley,Muhammad,McAuley,Robinette,McAuley,73323 Prentice Street,Columbus,Ohio,304-907-8208
367,Doralynn,McAllister,Alard,McAllister,Emma,McAllister,9298 Hayes Plaza,Lima,Ohio,225-617-0720
368,Aprilette,McAfee,Nicol,McAfee,Dacia,McAfee,0 Packers Hill,Newport News,Virginia,520-377-7025
369,Madalena,McIlroy,Read,McIlroy,Iormina,McIlroy,1719 Ronald Regan Pass,Baltimore,Maryland,404-285-6131
370,Hattie,Rhodes,Sancho,Rhodes,Lacee,Rhodes,183 Debs Drive,Marietta,Georgia,713-369-3287
371,Courtnay,Johnson,Alford,Johnson,Waneta,Johnson,84475 Anniversary Trail,Spartanburg,South Carolina,214-656-0164
372,Tito,Javenson,Michail,Javenson,Elvera,Javenson,0 Oak Valley Road,Boise,Idaho,312-842-3937
373,Consalve,Olson,Isac,Olson,Celia,Olson,816 Kim Street,Boston,Massachusetts,216-440-4889
374,Heinrick,Swanson,Lammond,Swanson,Esmaria,Swanson,97196 Saint Paul Point,Akron,Ohio,916-451-9262
375,Eldin,Stevenson,Nico,Stevenson,Lauree,Stevenson,454 Sage Alley,Homestead,Florida,501-183-9735
376,Kevan,McAuley,Dunstan,McAuley,Ulrike,McAuley,124 Calypso Pass,San Jose,California,561-958-6770
377,Coleman,McAllister,Royce,McAllister,Fifi,McAllister,0835 Eagan Way,Jamaica,New York,360-972-1909
378,Zack,McAfee,Silvain,McAfee,Lexine,McAfee,18 Golf Place,Decatur,Illinois,760-295-5539
379,Caesar,McIlroy,Rufe,McIlroy,Melony,McIlroy,04 Rockefeller Hill,Helena,Montana,208-784-8204
380,Alphonse,Rhodes,Tommie,Rhodes,Mona,Rhodes,7205 Randy Avenue,Tampa,Florida,770-213-9931
381,Bone,Johnson,Guy,Johnson,Lilias,Johnson,782 Sutherland Junction,Fresno,California,941-102-7878
382,Waylan,Javenson,Drake,Javenson,Stefania,Javenson,170 Sutteridge Terrace,Dallas,Texas,801-232-2313
383,Stillmann,Olson,Gavin,Olson,Corella,Olson,45 Warbler Crossing,Des Moines,Iowa,812-180-5262
384,Buck,Swanson,Perry,Swanson,Faunie,Swanson,9520 Pankratz Hill,Hot Springs National Park,Arkansas,202-969-9458
385,Gene,Stevenson,Wesley,Stevenson,Mariquilla,Stevenson,6 Grayhawk Lane,Long Beach,California,818-280-6476
386,Conrade,McAuley,Alexandr,McAuley,Miriam,McAuley,724 Kim Avenue,Phoenix,Arizona,512-443-6293
387,Lincoln,McAllister,Tabor,McAllister,Vernice,McAllister,742 Delaware Pass,Austin,Texas,504-299-1477
388,Stirling,McAfee,Angus,McAfee,Tracie,McAfee,4 Oakridge Lane,Inglewood,California,717-295-7714
389,Geoffry,McIlroy,Frederic,McIlroy,Norri,McIlroy,9 Lunder Lane,Cleveland,Ohio,616-803-2930
390,Merle,Rhodes,Pieter,Rhodes,Anissa,Rhodes,5 Pond Drive,Kansas City,Missouri,302-826-4640
391,Urson,Johnson,Chen,Johnson,Dodi,Johnson,9528 Homewood Lane,Clearwater,Florida,941-620-1302
392,Ricky,Javenson,Kent,Javenson,Kristal,Javenson,05428 Esch Hill,Toledo,Ohio,205-247-1299
393,Paolo,Olson,Giff,Olson,Tresa,Olson,1 Toban Place,Houston,Texas,214-979-7237
394,Godfry,Swanson,Eric,Swanson,Joete,Swanson,8906 Drewry Way,Phoenix,Arizona,706-395-1353
395,Hammad,Stevenson,Farleigh,Stevenson,Conchita,Stevenson,82191 Merchant Court,Tampa,Florida,214-750-0740
396,Lonny,McAuley,Jan,McAuley,Carmon,McAuley,12357 Thierer Park,Dallas,Texas,404-930-6511
397,Edik,McAllister,Shalom,McAllister,Giulietta,McAllister,78 Old Shore Center,El Paso,Texas,713-611-5100
398,Shay,McAfee,Toiboid,McAfee,Saidee,McAfee,145 Jenifer Center,Philadelphia,Pennsylvania,503-914-3061
399,Orville,McIlroy,Kristo,McIlroy,Lacey,McIlroy,79117 4th Street,Midland,Texas,209-823-6513
400,Mick,Rhodes,Borg,Rhodes,Aarika,Rhodes,484 Grover Terrace,Moreno Valley,California,806-621-9751
401,Obadiah,Johnson,Godfry,Johnson,Pansie,Johnson,96295 Swallow Way,Canton,Ohio,405-580-9574
402,Sawyer,Javenson,Hammad,Javenson,Margaretha,Javenson,2 Manitowish Plaza,Peoria,Illinois,510-773-4813
403,Tailor,Olson,Lonny,Olson,Eugenia,Olson,8088 La Follette Plaza,Pittsburgh,Pennsylvania,508-217-2648
404,Andris,Swanson,Edik,Swanson,Cookie,Swanson,27306 Sundown Way,Las Vegas,Nevada,302-367-4629
405,Gerard,Stevenson,Shay,Stevenson,Sarajane,Stevenson,01 Buena Vista Point,Oakland,California,214-652-2786
406,Madison,McAuley,Orville,McAuley,Octavia,McAuley,630 Lakewood Lane,Milwaukee,Wisconsin,212-113-7250
407,Jon,McAllister,Mick,McAllister,Halli,McAllister,55086 Dayton Lane,South Bend,Indiana,214-377-3279
408,Woody,McAfee,Erl,McAfee,Flossy,McAfee,9 Charing Cross Center,Frederick,Maryland,213-679-0320
409,Vail,McIlroy,Berke,McIlroy,Adi,McIlroy,90034 Muir Plaza,Dallas,Texas,217-478-8434
410,Franny,Rhodes,Carson,Rhodes,Ericha,Rhodes,23 Gale Drive,Paterson,New Jersey,404-760-8020
411,Garrik,Johnson,Emmet,Johnson,Carrie,Johnson,8717 Thackeray Center,Dallas,Texas,214-646-9576
412,Tades,Javenson,Erv,Javenson,Dena,Javenson,84 Debra Court,Lafayette,Louisiana,209-296-1302
413,Mordecai,Olson,Berty,Olson,Jenni,Olson,6 Oneill Avenue,Washington,District of Columbia,386-793-2562
414,Yuma,Swanson,Ozzy,Swanson,Malanie,Swanson,036 2nd Hill,Macon,Georgia,281-768-5357
415,Fluffica,Stevenson,Daron,Stevenson,Annnora,Stevenson,21333 Continental Plaza,El Paso,Texas,754-331-2860
416,Emerson,McAuley,Killy,McAuley,Anabelle,McAuley,5217 Arapahoe Crossing,Dayton,Ohio,765-434-3472
417,De witt,McAllister,Sterne,McAllister,Madelena,McAllister,29 Old Shore Circle,Fort Wayne,Indiana,602-571-8079
418,Reinhard,McAfee,Westbrook,McAfee,Amy,McAfee,91282 Garrison Place,Washington,District of Columbia,253-952-9093
419,Toiboid,McIlroy,Cameron,McIlroy,Joletta,McIlroy,8348 Sherman Parkway,Erie,Pennsylvania,234-198-3373
420,Raphael,Rhodes,Gearalt,Rhodes,Carlotta,Rhodes,8535 Dovetail Plaza,Prescott,Arizona,419-380-8866
421,Cash,Johnson,Ewart,Johnson,Ajay,Johnson,17875 Vidon Street,Brooklyn,New York,803-428-4406
422,Llewellyn,Javenson,Filberte,Javenson,Marinna,Javenson,94160 Anhalt Lane,Albuquerque,New Mexico,614-822-6139
423,Haywood,Olson,Langston,Olson,Alejandra,Olson,22 Nancy Plaza,Fort Pierce,Florida,623-290-1533
424,Ax,Swanson,Dex,Swanson,Josey,Swanson,56234 Browning Drive,Roanoke,Virginia,316-702-5611
425,Case,Stevenson,Edik,Stevenson,Randie,Stevenson,13584 Corry Hill,San Diego,California,412-437-5193
426,Julian,McAuley,Ive,McAuley,Jennie,McAuley,048 Lukken Lane,Alhambra,California,915-569-9135
427,Austen,McAllister,Gonzalo,McAllister,Dorie,McAllister,3129 Becker Plaza,Albany,New York,404-124-2061
428,Walt,McAfee,Dene,McAfee,Petunia,McAfee,31 Pearson Terrace,Akron,Ohio,985-957-1582
429,Paolo,McIlroy,Haskel,McIlroy,Randy,McIlroy,404 Washington Circle,Portland,Maine,502-914-8174
430,Oran,Rhodes,Meier,Rhodes,Christian,Rhodes,2778 Maywood Crossing,Rochester,New York,954-150-3199
431,Torr,Johnson,Stanislaw,Johnson,Danyelle,Johnson,96 Cody Court,Topeka,Kansas,812-567-7215
432,Rodrique,Javenson,Flin,Javenson,Colline,Javenson,3948 Hoepker Plaza,Tulsa,Oklahoma,847-858-3854
433,Si,Olson,Ogdan,Olson,Ulrike,Olson,109 Doe Crossing Avenue,Saint Paul,Minnesota,808-475-7566
434,Penny,Swanson,Claudius,Swanson,Dee,Swanson,6812 Doe Crossing Terrace,Charlotte,North Carolina,205-392-9559
435,Raff,Stevenson,Bernard,Stevenson,Coralyn,Stevenson,3 Logan Plaza,Rochester,New York,520-769-3976
436,Guido,McAuley,Nicolai,McAuley,Nettle,McAuley,462 Dwight Drive,Tucson,Arizona,614-969-4210
437,Rowney,McAllister,Stacee,McAllister,Celestyn,McAllister,256 Garrison Avenue,Maple Plain,Minnesota,775-260-6975
438,Sammie,McAfee,Giacopo,McAfee,Fancy,McAfee,37 Ridge Oak Alley,Miami,Florida,337-483-8308
439,Reggie,McIlroy,Torrance,McIlroy,Jermaine,McIlroy,47 Redwing Crossing,Round Rock,Texas,716-375-6881
440,Luis,Rhodes,Chet,Rhodes,Pat,Rhodes,710 Prairieview Circle,Orlando,Florida,603-410-1791
441,Kev,Johnson,Austin,Johnson,Lesya,Johnson,4526 Prairie Rose Terrace,Baltimore,Maryland,585-722-5241
442,Thaddus,Javenson,Farr,Javenson,Felicia,Javenson,572 Atwood Parkway,Young America,Minnesota,406-646-0423
443,Gar,Olson,Freddy,Olson,Marga,Olson,183 Randy Avenue,Seminole,Florida,570-250-1721
444,Claus,Swanson,Franciskus,Swanson,Daloris,Swanson,56977 John Wall Road,Cincinnati,Ohio,202-977-9827
445,Eugenio,Stevenson,Isidoro,Stevenson,Lotty,Stevenson,716 Jackson Pass,Delray Beach,Florida,504-300-4671
446,Padriac,McAuley,Bruce,McAuley,Cherry,McAuley,9115 Monument Junction,Van Nuys,California,310-756-4732
447,Abba,McAllister,Kellby,McAllister,Marice,McAllister,5013 Upham Road,Cheyenne,Wyoming,215-540-2613
448,Oswald,McAfee,Grantham,McAfee,Amberly,McAfee,7 Dapin Road,Des Moines,Iowa,319-911-4371
449,Fredrick,McIlroy,Rudyard,McIlroy,Merry,McIlroy,98 Mallard Plaza,New Orleans,Louisiana,941-601-5066
450,Prescott,Rhodes,Judon,Rhodes,Rina,Rhodes,42187 Kipling Crossing,Clearwater,Florida,617-791-9231
451,Pate,Johnson,Marshall,Johnson,Malinda,Johnson,52570 Northwestern Court,Pinellas Park,Florida,602-400-3803
452,Huntington,Javenson,Si,Javenson,Kerrin,Javenson,5 Magdeline Crossing,Tacoma,Washington,310-351-1571
453,Demetri,Olson,Warren,Olson,Denni,Olson,8 Red Cloud Plaza,Albuquerque,New Mexico,972-854-3446
454,Mylo,Swanson,Filberto,Swanson,Philis,Swanson,389 Continental Junction,Humble,Texas,816-562-2409
455,Lyman,Stevenson,Woodman,Stevenson,Alis,Stevenson,78 Veith Pass,Seattle,Washington,936-187-7378
456,Alaric,McAuley,Ewen,McAuley,Stevena,McAuley,982 Fremont Circle,Lansing,Michigan,303-396-6262
457,Aland,McAllister,Zacherie,McAllister,Carlene,McAllister,7 Mitchell Avenue,Louisville,Kentucky,763-342-1860
458,Christie,McAfee,Sheffield,McAfee,Dionne,McAfee,281 Lindbergh Center,Tulsa,Oklahoma,239-309-0249
459,Francklyn,McIlroy,Tommie,McIlroy,Austine,McIlroy,69234 Upham Alley,Jamaica,New York,713-273-2247
460,Kally,Johnson,Colby,Johnson,Sheelah,Johnson,57485 Valley Edge Parkway,New Haven,Connecticut,601-322-3208
461,Jillane,Javenson,Ronald,Javenson,Haley,Javenson,6 Cardinal Place,New York City,New York,571-852-5493
462,Katey,Olson,Aldus,Olson,Kala,Olson,85296 John Wall Circle,Palmdale,California,408-854-4651
463,Stefa,Swanson,Howard,Swanson,Marlee,Swanson,75 Dayton Road,Dallas,Texas,646-666-2275
464,Doro,Stevenson,Robinson,Stevenson,Constantina,Stevenson,27594 Roth Place,Norfolk,Virginia,502-454-4238
465,Hermione,McAuley,Mac,McAuley,Krissy,McAuley,677 Sunnyside Alley,Kansas City,Missouri,303-626-7695
466,Arlyn,McAllister,Filmer,McAllister,Rikki,McAllister,2858 Oneill Road,Richmond,Virginia,404-149-7548
467,Marylin,McAfee,Dav,McAfee,Malva,McAfee,39727 Meadow Vale Lane,Bethesda,Maryland,210-167-2588
468,Melli,McIlroy,Carleton,McIlroy,Cordi,McIlroy,207 International Hill,Morgantown,West Virginia,702-849-7489
469,Dorri,Rhodes,Stanley,Rhodes,Lyndsie,Rhodes,20 Vidon Terrace,Charlotte,North Carolina,253-304-4571
470,Charita,Johnson,Nicholas,Johnson,Kizzie,Johnson,0592 Golf Center,Largo,Florida,850-115-5521
471,Michele,Javenson,Ellis,Javenson,Wallie,Javenson,3 5th Pass,Honolulu,Hawaii,203-307-2221
472,Rhody,Olson,Kayne,Olson,Babbie,Olson,7864 Morning Street,Irvine,California,309-789-4593
473,Kerianne,Swanson,Ulrick,Swanson,Angel,Swanson,370 Hudson Crossing,Colorado Springs,Colorado,602-189-3745
474,Portia,Stevenson,Rubin,Stevenson,Kikelia,Stevenson,8242 Kings Avenue,El Paso,Texas,989-269-1359
475,Dominica,McAuley,Fletcher,McAuley,Estel,McAuley,4700 Goodland Center,New Haven,Connecticut,413-488-7306
476,Beverlee,McAllister,Elvis,McAllister,Margareta,McAllister,47332 Shopko Junction,Charlotte,North Carolina,619-824-3964
477,Elsy,McAfee,Newton,McAfee,Alicia,McAfee,49979 Helena Point,Hagerstown,Maryland,682-938-8322
478,Holli,McIlroy,Richie,McIlroy,Melinda,McIlroy,4 Hollow Ridge Drive,Athens,Georgia,916-665-4037
479,Betty,Rhodes,Gael,Rhodes,Fayre,Rhodes,47 Northview Plaza,New York City,New York,352-592-8584
480,Madelon,Johnson,Fons,Johnson,Alexis,Johnson,42 Homewood Plaza,Raleigh,North Carolina,503-634-6838
481,Anya,Javenson,Barrie,Javenson,Fifi,Javenson,122 Wayridge Trail,Dallas,Texas,954-860-7735
482,Ianthe,Olson,Giles,Olson,Myrilla,Olson,8 Crest Line Place,Peoria,Illinois,312-331-2220
483,Gwendolyn,Swanson,Trumaine,Swanson,Magdalena,Swanson,136 Summerview Center,New York City,New York,661-796-8008
484,Fidelity,Stevenson,Carlie,Stevenson,Carlynne,Stevenson,5 5th Lane,South Bend,Indiana,202-746-4364
485,Elene,McAuley,Wilmar,McAuley,Catherin,McAuley,8 Springview Way,Philadelphia,Pennsylvania,402-578-6028
486,Karilynn,McAllister,Con,McAllister,Florella,McAllister,90045 Express Trail,San Antonio,Texas,407-402-5655
487,Lorrayne,McAfee,Miner,McAfee,Liesa,McAfee,5 Lakewood Gardens Park,Pensacola,Florida,917-879-1515
488,Eloise,McIlroy,Bartlett,McIlroy,Giustina,McIlroy,4951 Esch Place,Albany,New York,203-920-0624
489,Tim,Rhodes,Rafaellle,Rhodes,Nadiya,Rhodes,59063 Paget Parkway,Los Angeles,California,806-844-6029
490,Emilee,Johnson,Stavro,Johnson,Clarice,Johnson,78277 Eggendart Junction,Pasadena,California,646-623-0877
491,Cyndy,Javenson,Shem,Javenson,Rafa,Javenson,102 Northview Hill,Rochester,New York,202-568-6331
492,Jacquenette,Olson,Alphard,Olson,Malanie,Olson,42916 Lotheville Point,Missoula,Montana,626-265-8130
493,Fifi,Swanson,Filberte,Swanson,Leigha,Swanson,9982 East Trail,Sacramento,California,614-708-9077
494,Leone,Stevenson,Elvis,Stevenson,Georgiana,Stevenson,251 Maple Street,Wilmington,Delaware,202-492-6636
495,Audie,McAuley,Cole,McAuley,Jennica,McAuley,65 Talmadge Place,Palm Bay,Florida,305-536-3297
496,Tiffani,McAllister,Rollo,McAllister,Michaelina,McAllister,2 Michigan Road,Fort Worth,Texas,719-837-2674
497,Cristal,McAfee,Gill,McAfee,Olga,McAfee,4025 Valley Edge Terrace,Indianapolis,Indiana,574-738-0599
498,Casi,McIlroy,Garrot,McIlroy,Amie,McIlroy,9350 Ramsey Point,Tulsa,Oklahoma,515-726-2961
499,Silara,Jameson,Jude,Jameson,Corrinne,Jameson,38834 Clyde Gallagher Hill,Miami,Florida,724-919-5365
500,Ashoka,Wellington,Groverman,Wellington,Sesstra,Wellington,63 Talisman Avenue,Houston,Texas,402-488-8888
